{
  "surface": "dirt",
  "years": 8,
  "test_year": 2022,
  "trained_at": "2026-02-13T13:40:11.065456",
  "train_result": {
    "status": "success",
    "model_path": "models/ensemble_model_dirt_new.pkl",
    "rmse": 3.6795113524146834,
    "win_accuracy": 0.8135028388052333,
    "quinella_accuracy": 0.7611083683041224,
    "place_accuracy": 0.7437669711182424,
    "win_auc": 0.805616440384854,
    "quinella_auc": 0.7635654476275389,
    "place_auc": 0.7680097489981645,
    "win_brier": 0.05863333859793643,
    "quinella_brier": 0.1096167500540455,
    "top3_coverage": 0.5637467476149176,
    "samples": 108026
  },
  "comparison": {
    "status": "success",
    "old_eval": {
      "rmse": 3.680084779578968,
      "win_auc": 0.8457279997336689,
      "quinella_auc": 0.7926737664253714,
      "place_auc": 0.7990906156325043,
      "top3_coverage": 0.6277890466531441,
      "tansho_return": 0.43935091277890465,
      "fukusho_return": 0.48032454361054766,
      "tansho_bet": 98600,
      "tansho_win": 43320,
      "fukusho_bet": 98600,
      "fukusho_win": 47360
    },
    "new_eval": {
      "rmse": 3.6567446177975436,
      "win_auc": 0.8465628609045591,
      "quinella_auc": 0.7994576090232974,
      "place_auc": 0.8025964556764471,
      "top3_coverage": 0.6359026369168357,
      "tansho_return": 0.458316430020284,
      "fukusho_return": 0.4422920892494929,
      "tansho_bet": 98600,
      "tansho_win": 45190,
      "fukusho_bet": 98600,
      "fukusho_win": 43610
    },
    "old_score": 0.5898862150927163,
    "new_score": 0.5940548506735619,
    "improvement": 0.00416863558084557,
    "test_samples": 13781,
    "old_rmse": 3.680084779578968,
    "new_rmse": 3.6567446177975436
  }
}